Salesman,User,TimeStamp
"Salesman: Hello! How can I help you today? Are you interested in our Smartphone iphone 6s?
User: Hey, we've all heard about the smartphone 6.8, the Samsung Galaxy Note 7, and the iPhone 7 Plus. Well, it's not just about your phone's performance, either, I've heard that you could replace that","User: Hi! I'm looking for more information about your Smartphone iphone 6s. Can you tell me about it?
Salesman: Yes, for the first time, the 5.5"" Smartphones can communicate with our devices using Bluetooth or NFC. It's really good for video recording.
Thanks for contacting me. I hope you'll take the",2024-06-12 01:46:22
"Salesman: Hello! How can I help you today? Are you interested in our Home Security System?
User: Oh right, I'm sorry about that too, but I just wanted to let you know. The Home security system in your house is completely different from the one that your mother was in when she was killed by the Mafia, and you need your help to","User: Hi! I'm looking for more information about your Home Security System. Can you tell me about it?
Salesman: It's a good idea to use it in a safe way. You'll keep your systems clean when you're in the office.
We've also added features to make your device security safer. This includes password protected backups, instant and un",2024-06-12 01:46:27
"Salesman: Hello! How can I help you today? Are you interested in our Eco-friendly Detergent?
User: My name is Tomi-Lynn Johnson and I'm the president and CEO of the Organic Food Institute. My goal for today is to use this site to make a difference in the health of our planet. I'd like to introduce my friend","User: Hi! I'm looking for more information about your Eco-friendly Detergent. Can you tell me about it?
Salesman: (The customer doesn't ask why I don't have it, it is just for ""why my car doesn://"") So I'd like to know... Is there anything you'd tell us about the product, how to use it",2024-06-12 01:46:33
**********
"Salesman: Hello! How can I help you today? Are you interested in our Smartphone iphone 6s?
User: Yes.
Phone: (phone number) Yes please. How are you? Please be sure the caller ID is right, but please add ""Yes"" to the box. You can also ask to speak directly with your phone company customer","User: Hi! I'm looking for more information about your Smartphone iphone 6s. Can you tell me about it?
Salesman: Well, I was told by someone who was running Apple as the CEO that Apple had a big problem with this. They wanted to add more control to their phones and they did a lot of very aggressive selling to get Apple",2024-06-12 01:46:38
"Salesman: Hello! How can I help you today? Are you interested in our Home Security System?
User: This is the same Home Services section as we said in the first part of this program.
Home Security Services: How do I get started? What's the best way to get Started on a Home System in this Program? How quickly can you do this","User: Hi! I'm looking for more information about your Home Security System. Can you tell me about it?
Salesman: My name is Joe Mauer.
John: Hey, I just want to set some facts about this system, if you remember what I said about the HomeSaver system we have here at HomeTech.com
We do home security",2024-06-12 01:46:44
"Salesman: Hello! How can I help you today? Are you interested in our Eco-friendly Detergent?
User: Okay, so we need a nice white vinegar! Let's get it started!
Site: The first thing you need is some water. My first trick was to use a vinegar solution (and now this will help me too) on my body","User: Hi! I'm looking for more information about your Eco-friendly Detergent. Can you tell me about it?
Salesman: I did some testing with my ""Best of"" products last year and found they had a good amount of residual in them. I have been using one a few years but I find they are a little more expensive to get this treatment",2024-06-12 01:46:49
**********
"Salesman: Hello! How can I help you today? Are you interested in our Home Security System?
User: Yes, you may know our ""home security"" system, which is in use throughout the United States and around the world. We are not trying to make any false claims. Our service offers no customer service whatsoever. You are solely responsible for the security of","User: Hi! I'm looking for more information about your Home Security System. Can you tell me about it?
Salesman: The Security Account is your name. It has a lot of personal information. But you're not using any personal data.
I'm not giving you your personal info. I'll just ask the Salesman why you should be using that password",2024-06-12 01:47:00
**********
"Salesman: Hello! How can I help you today? Are you interested in our Smartphone iphone 6s?
User: Hi. Can you tell us a little bit about your favorite Android phone, you are interested to find out how to set a simple ""Home"" button?


Microsoft: Yes, I guess.

My main concern is with","User: Hi! I'm looking for more information about your Smartphone iphone 6s. Can you tell me about it?
Salesman: I read in your description of your previous device that it's running OS X Mavericks 8.0 LTS, but for me a little bit of setup is needed to get things working. My last device I bought was a",2024-06-12 01:47:10
"Salesman: Hello! How can I help you today? Are you interested in our Home Security System?
User: Thank you. Thank your. I'll ask you more of the questions and you can use the contact form in the end.
We'll be going over a few things that can help. First of all, that's great. But don't forget that","User: Hi! I'm looking for more information about your Home Security System. Can you tell me about it?
Salesman: My computer is a FireWire (HSS) device. To install the Home security system, you need to set up your Firewire account with a free trial or you will be charged. You will need FireFirewire password in order to",2024-06-12 01:47:15
"Salesman: Hello! How can I help you today? Are you interested in our Eco-friendly Detergent?
User: Can you tell me how we can reduce the use of ammonia and also make the waste less toxic? How does this affect other household cleaners? If you're unsure about our Cleaning Products you can contact us by mail or in writing. Our Ec","User: Hi! I'm looking for more information about your Eco-friendly Detergent. Can you tell me about it?
Salesman: My name is Kevin and I live a 5K, 4K and 2K commute from Seattle to Portland. I own a brand of detergent called Cappuccino, which is what I purchased from your website, so if",2024-06-12 01:47:20
**********
"Salesman: Hello! How can I help you today? Are you interested in our Smartphone iphone 6s?
User: Ok, I can help.
I'm trying to create your smartphone. How will you help? We're currently working together to ensure that Smartphones in the US can work. Your phone may be stuck with any firmware or software that","User: Hi! I'm looking for more information about your Smartphone iphone 6s. Can you tell me about it?
Salesman: Okay so I have a couple of questions that I want to ask you about. I understand the initial issue you have on your devices, but what do you think are your thoughts on this? Can your phone solve the problems",2024-06-12 01:47:25
"Salesman: Hello! How can I help you today? Are you interested in our Home Security System?
User: I am. I need your help to change your home security system. Your name is David Broussard. You can contact the Home Defense Program at 919-621-2529 to make a loan. Contact us at 888-9","User: Hi! I'm looking for more information about your Home Security System. Can you tell me about it?
Salesman: In the course of my investigation, I noticed that several users may have attempted to remotely reset their security, or to steal their passwords.
You know that it is hard to know how many times the system was infected, in terms of memory",2024-06-12 01:47:30
"Salesman: Hello! How can I help you today? Are you interested in our Eco-friendly Detergent?
User: Hi Mr. Williams, I'll show you a new product. I bought it because of some great reviews. It's very simple to use, but you can get the same result as just using it with a little care.
""
Mr","User: Hi! I'm looking for more information about your Eco-friendly Detergent. Can you tell me about it?
Salesman: Yes. I have used it on a few people since then. It's been super safe to use with almost all household items like clothes, footwear and the like. What I can tell you is that EcoStem is very convenient",2024-06-12 01:47:35
**********
"Salesman: Hello! How can I help you today? Are you interested in our Smartphone iphone 6s?
User: Yeah, I'll give you an idea. The iPhone 6 is a 4.5"" phone. It was released in 2010. There are two versions - the current version, the iPhone 5, and the new 6 which has a 5","User: Hi! I'm looking for more information about your Smartphone iphone 6s. Can you tell me about it?
Salesman: This phone has no NFC, unlike on many other phones it can connect to WiFi and data from the internet. This is probably because there is no mobile charging, which would make this iPhone more cost effective for it.
",2024-06-12 01:47:40
"Salesman: Hello! How can I help you today? Are you interested in our Home Security System?
User: We are a home security company with a focus on home secure solutions. Home secure system is for homeowners who want security in their personal and professional lives. We have secured your home online, and we can help with any security issues you might be experiencing.
","User: Hi! I'm looking for more information about your Home Security System. Can you tell me about it?
Salesman: I can't remember any of those! Sorry about that, but it's really a big part of our work.
We've worked out very well the system in some very specific places. However, it is still a pretty small system.",2024-06-12 01:47:46
"Salesman: Hello! How can I help you today? Are you interested in our Eco-friendly Detergent?
User: Sure! That's how we'll be using it to give you the freshest possible fragrance (that's all, really). Your hair will have a scent that compliments your hair without compromising on its texture. With it, you'll have even better","User: Hi! I'm looking for more information about your Eco-friendly Detergent. Can you tell me about it?
Salesman: I've been using Eco for nearly 10 years. It's pretty safe and works great for all skin types. I always used to use this product to get my skincare on. However, my skin has gotten really oily over",2024-06-12 01:47:50
**********
"Salesman: Hello! How can I help you today? Are you interested in our Eco-friendly Detergent?
User: Thank you, we are just here for an international shipment.
Company: The company is in charge of all the products. But the problem you were looking for? Do you think the company might not be ready to sell? Well we just need","User: Hi! I'm looking for more information about your Eco-friendly Detergent. Can you tell me about it?
Salesman: Good sir, my husband is a Certified Lab Technologist and I have been a Licensed Technic Technician for almost 15 years. I am an Electrical Engineer and Mechanical Technician, but I did not learn as a Mechanical Technician. As",2024-06-12 01:48:06
**********
"Salesman: Hello! How can I help you today? Are you interested in our Home Security System?
User: The System has a variety of Home security services that are available at your hardware or software level. The Home Management Systems can be found on many major retailers and web sites, as well as through your website's contact information. This page provides a general overview of","User: Hi! I'm looking for more information about your Home Security System. Can you tell me about it?
Salesman: Yes!
I'd like you to provide me some basic information. I'd also like to ask for an invoice number. Here is what the invoice looks like. It's your name, address, telephone number, and we've got some",2024-06-12 01:48:16
"Salesman: Hello! How can I help you today? Are you interested in our Eco-friendly Detergent?
User: I'm an avid customer.
[He gets an annoyed reply from Lilliput: ]
Lillipop: It's not too hard to find these good things. For starters, I bought three of them myself last year in a","User: Hi! I'm looking for more information about your Eco-friendly Detergent. Can you tell me about it?
Salesman: I've been using EcoDetergent for about 8 years, but most of the time, it's simply too much expensive and goes without saying. I decided to try and get the best product I could on this product. So",2024-06-12 01:48:21
**********
"Salesman: Hello! How can I help you today? Are you interested in our Smartphone iphone 6s?
User: Yes! Thank you for calling, and please follow our link to view our product, the Smart phone 6-6, that I have been ordering so far from here. If you have any concerns, please let us know and we will","User: Hi! I'm looking for more information about your Smartphone iphone 6s. Can you tell me about it?
Salesman: I have bought several android phones. On them is the Google Pixel 2, a newer and better smartphone, and the iPhone 6. There has been one reported problem with it on my phone. It seems to have been set",2024-06-12 01:48:26
"Salesman: Hello! How can I help you today? Are you interested in our Home Security System?
User: I would like to assist the user to identify a security issue or issue that needs attention. I want to receive a ""help"" to fix the problem. In order to participate we need your ID. (Please note this is done while the issue is in","User: Hi! I'm looking for more information about your Home Security System. Can you tell me about it?
Salesman: No
Location: Your home
Hi
Customer: I see this page is in my home office and my name is John. Please use the appropriate method. Thanks.
Store: Thanks! Please go and check out my website to see",2024-06-12 01:48:31
"Salesman: Hello! How can I help you today? Are you interested in our Eco-friendly Detergent?
User: Yes I am. I do not live in a land that is safe for drinking water. In order to make our bottled water safe to drink for people who are sick, we need our own detergent which is the kind which comes from the pet","User: Hi! I'm looking for more information about your Eco-friendly Detergent. Can you tell me about it?
Salesman: The thing is it's a chemical compound called Nitrite. It's called as a solvent, but with all the other chemical names we can put into it. What we call Nitrites is the solvent's effect can increase or decrease",2024-06-12 01:48:36
**********
"Salesman: Hello! How can I help you today? Are you interested in our Home Security System?
User: What is this system? Do you have any idea? Why would it need it? I am in need of a contractor to perform our work and a few weeks ago I received an ETA on my contract. How will I get the money? My email","User: Hi! I'm looking for more information about your Home Security System. Can you tell me about it?
Salesman: Yes! Our company has over 20,000 employees on our payroll, and the most recent data available we were able to identify 2,700 employees at our business, including 1,200 employed by customers.
This data gives us insight into",2024-06-12 01:48:47
"Salesman: Hello! How can I help you today? Are you interested in our Eco-friendly Detergent?
User: All Eco products are formulated with EcoCare Pro.
It's not just ""emulsifiers"" like Eau de Pourer and the most popular brands at your local drugstore (I've been told by others that some people don't","User: Hi! I'm looking for more information about your Eco-friendly Detergent. Can you tell me about it?
Salesman: There are a couple different types of Detergents you can use that don't use chemicals. This is because they don- they use different chemicals to your product. Some detergent is more eco-safe than other detergent",2024-06-12 01:48:52
**********
